{
  "pools": [
    {
      "rolls": 1,
      "entries": [
        {
          "type": "minecraft:item",
          "weight": 50,
          "name": "minecraft:stone_sword"
        },
        {
          "type": "minecraft:item",
          "weight": 20,
          "name": "epicfight:stone_greatsword"
        },
        {
          "type": "minecraft:item",
          "weight": 5,
          "name": "minecraft:iron_sword"
        },
        {
          "type": "minecraft:item",
          "weight": 10,
          "name": "epicfight:iron_dagger"
        },
        {
          "type": "minecraft:item",
          "weight": 3,
          "name": "epicfight:iron_longsword"
        },
        {
          "type": "minecraft:item",
          "weight": 2,
          "name": "epicfight:iron_greatsword"
        }
      ]
    }
  ]
}
