{
  "pools": [
    {
      "rolls": 1,
      "entries": [
        {
          "type": "minecraft:item",
          "weight": 50,
          "name": "minecraft:stone_sword"
        },
        {
          "type": "minecraft:item",
          "weight": 20,
          "name": "epicfight:stone_spear"
        },
        {
          "type": "minecraft:item",
          "weight": 5,
          "name": "minecraft:iron_sword"
        },
        {
          "type": "minecraft:item",
          "weight": 5,
          "name": "epicfight:iron_spear"
        }
      ]
    }
  ]
}
